status,slug,document_title,regulator,jurisdiction,issued_date,source_url,primary_category,red_flag_count,output_file,extracted_at
extracted,001_federal_child_nutrition_fraud,FinCEN Alert FIN-2026-Alert001,FinCEN,US,2026-01-09,https://www.fincen.gov/system/files/2026-01/FinCEN-Alert-Federal-Child-Nutrition-Programs.pdf,fraud_nexus,13,data/source/001_federal_child_nutrition_fraud.yaml,2026-05-06T01:22:35.147391+00:00
extracted,002_oil_smuggling_cartels,"FinCEN Alert FIN-2025-Alert002, FinCEN Alert on Oil Smuggling Schemes on the U.S. Southwest Border Associated with Mexico-Based Cartels",FinCEN,US,2025-05-01,https://www.fincen.gov/system/files/shared/FinCEN-Alert-Oil-Smuggling-FINAL-508C.pdf,trade_based_ml,14,data/source/002_oil_smuggling_cartels.yaml,2026-05-06T01:22:38.061930+00:00
extracted,003_bulk_cash_smuggling_repatriation,FinCEN Alert FIN-2025-Alert001,FinCEN,US,2025-03-31,https://www.fincen.gov/system/files/shared/BCS-Alert-FINAL-508C.pdf,layering,10,data/source/003_bulk_cash_smuggling_repatriation.yaml,2026-05-06T01:22:34.201852+00:00
extracted,004_fincen_name_fraud_schemes,FinCEN Alert FIN-2024-Alert005,FinCEN,US,2024-12-18,https://www.fincen.gov/system/files/2024-12/Alert-FinCEN-Scams-FINAL508.pdf,fraud_nexus,19,data/source/004_fincen_name_fraud_schemes.yaml,2026-05-13T23:26:36.016939+00:00
extracted,005_deepfake_media_fraud,FinCEN Alert FIN-2024-Alert004,FinCEN,US,2024-11-13,https://www.fincen.gov/system/files/shared/FinCEN-Alert-DeepFakes-Alert508FINAL.pdf,fraud_nexus,18,data/source/005_deepfake_media_fraud.yaml,2026-05-13T23:26:32.663257+00:00
extracted,006_hizballah_financing,FinCEN Alert FIN-2024-Alert003,FinCEN,US,2024-10-23,https://www.fincen.gov/system/files/shared/FinCEN-Alert-Hizballah-Alert-508C.pdf,trade_based_money_laundering,8,data/source/006_hizballah_financing.yaml,2026-05-13T23:26:29.376309+00:00
extracted,007_employee_retention_credit_fraud,FinCEN Alert FIN-2023-Alert007,FinCEN,US,2023-11-22,https://www.fincen.gov/system/files/shared/FinCEN_ERC_Fraud_Alert_FINAL508.pdf,fraud_nexus,11,data/source/007_employee_retention_credit_fraud.yaml,2026-05-13T23:26:28.357863+00:00
extracted,008_hamas_terrorist_financing,FinCEN Alert FIN-2023-Alert006,FinCEN,US,2023-10-20,https://www.fincen.gov/system/files/2025-09/FinCEN_Alert_Terrorist_Financing_proof1.pdf,terrorist_financing,8,data/source/008_hamas_terrorist_financing.yaml,2026-05-13T23:26:33.754718+00:00
extracted,009_pig_butchering_scams,FinCEN Alert FIN-2023-Alert005,FinCEN,US,2023-09-08,https://www.fincen.gov/system/files/shared/FinCEN_Alert_Pig_Butchering_FINAL_508c.pdf,fraud_nexus,15,data/source/009_pig_butchering_scams.yaml,2026-05-13T23:26:38.494497+00:00
extracted,010_russian_export_control_evasion_supplemental,FIN-2023-Alert004 Supplemental Alert: FinCEN and the U.S. Department of Commerce’s Bureau of Industry and Security Urge Continued Vigilance for Potential Russian Export Control Evasion Attempts,FinCEN,US,2023-05-19,https://www.fincen.gov/system/files/shared/FinCEN%20and%20BIS%20Joint%20Alert%20_FINAL_508C.pdf,trade_based_money_laundering,9,data/source/010_russian_export_control_evasion_supplemental.yaml,2026-05-13T23:26:40.953410+00:00
extracted,011_mail_theft_check_fraud,FinCEN Alert FIN-2023-Alert003,FinCEN,US,2023-02-27,https://www.fincen.gov/system/files/shared/FinCEN%20Alert%20Mail%20Theft-Related%20Check%20Fraud%20FINAL%20508.pdf,fraud_nexus,10,data/source/011_mail_theft_check_fraud.yaml,2026-05-17T12:23:42.731882+00:00
extracted,012_russian_commercial_real_estate,FinCEN Alert FIN-2023-Alert002,FinCEN,US,2023-01-25,https://www.fincen.gov/system/files/shared/FinCEN%20Alert%20Real%20Estate%20FINAL%20508_1-25-23%20FINAL%20FINAL.pdf,sanctions_evasion,9,data/source/012_russian_commercial_real_estate.yaml,2026-05-17T12:23:43.492534+00:00
extracted,013_human_smuggling_southwest_border,FinCEN Alert FIN-2023-Alert001,FinCEN,US,2023-01-13,https://www.fincen.gov/system/files/shared/FinCEN%20Alert%20Human%20Smuggling%20FINAL_508.pdf,human_smuggling,8,data/source/013_human_smuggling_southwest_border.yaml,2026-05-17T12:23:42.238680+00:00
extracted,014_russian_belarusian_export_control_evasion,"FIN-2022-Alert003 June 28, 2022 FinCEN and the U.S. Department of Commerce’s Bureau of Industry and Security Urge Increased Vigilance for Potential Russian and Belarusian Export Control Evasion Attempts",FinCEN,US,2022-06-28,https://www.fincen.gov/system/files/2022-06/FinCEN%20and%20Bis%20Joint%20Alert%20FINAL.pdf,sanctions_evasion,22,data/source/014_russian_belarusian_export_control_evasion.yaml,2026-05-17T12:23:52.981474+00:00
extracted,015_russian_elites_high_value_assets,FinCEN Alert FIN-2022-Alert002,FinCEN,US,2022-03-16,https://www.fincen.gov/system/files/2022-03/FinCEN%20Alert%20Russian%20Elites%20High%20Value%20Assets_508%20FINAL.pdf,sanctions_evasion,17,data/source/015_russian_elites_high_value_assets.yaml,2026-05-17T12:23:53.386095+00:00
extracted,016_russian_sanctions_evasion,FinCEN Alert FIN-2022-Alert001,FinCEN,US,2022-03-07,https://www.fincen.gov/system/files/2022-03/FinCEN%20Alert%20Russian%20Sanctions%20Evasion%20FINAL%20508.pdf,sanctions_evasion,13,data/source/016_russian_sanctions_evasion.yaml,2026-05-17T12:23:50.667046+00:00
extracted,017_twitter_cvc_scam,FinCEN Alert FIN-2020-Alert001,FinCEN,US,2020-07-16,https://www.fincen.gov/system/files/2020-07/FinCEN%20Alert%20Twitter_508%20FINAL.pdf,fraud_nexus,7,data/source/017_twitter_cvc_scam.yaml,2026-05-17T12:23:47.995643+00:00
extracted,018_health_care_fraud,"FIN-2026-A001 FinCEN Advisory on Health Care Fraud Schemes Targeting Medicare, Medicaid, and Other Federal and State Health Care Benefit Programs",FinCEN,US,2026-03-30,https://www.fincen.gov/system/files/2026-03/FinCEN-Advisory-Health-Care-Fraud.pdf,fraud_nexus,24,data/source/018_health_care_fraud.yaml,2026-05-17T12:24:04.845129+00:00
extracted,019_chinese_money_laundering_networks,FinCEN Advisory on the Use of Chinese Money Laundering Networks by Mexico-Based Transnational Criminal Organizations to Launder Illicit Proceeds,FinCEN,US,2025-08-28,https://www.fincen.gov/system/files/2025-08/FinCEN-Advisory-CMLN-508.pdf,layering,19,data/source/019_chinese_money_laundering_networks.yaml,2026-05-17T12:24:04.959374+00:00
extracted,020_iran_illicit_oil_smuggling,"FinCEN Advisory on the Iranian Regime’s Illicit Oil Smuggling Activities, Shadow Banking Networks, and Weapons Procurement Efforts",FinCEN,US,2025-06-06,https://www.fincen.gov/system/files/FinCEN-Advisory-Illicit-Oil-Smuggling-508.pdf,sanctions_evasion,16,data/source/020_iran_illicit_oil_smuggling.yaml,2026-05-17T12:24:06.846420+00:00
extracted,021_isis_financing,FinCEN Advisory on the Financing of the Islamic State of Iraq and Syria (ISIS) and its Global Affiliates,FinCEN,US,2025-04-01,https://www.fincen.gov/system/files/advisory/2025-04-01/FinCEN-Advisory-ISIS-508C.pdf,terrorist_financing,11,data/source/021_isis_financing.yaml,2026-05-17T12:56:25.408060+00:00
extracted,022_fentanyl_precursor_chemicals_supplemental,"FinCEN Advisory FIN-2024-A002, Supplemental Advisory on the Procurement of Precursor Chemicals and Manufacturing Equipment Used for the Synthesis of Illicit Fentanyl and Other Synthetic Opioids",FinCEN,US,2024-06-20,https://www.fincen.gov/system/files/advisory/2024-06-20/FinCEN-Supplemental-Advisory-on-Fentanyl-508C.pdf,narcotics_trafficking,14,data/source/022_fentanyl_precursor_chemicals_supplemental.yaml,2026-05-17T12:56:27.031563+00:00
extracted,023_iran_backed_terrorist_financing,FIN-2024-A001 FinCEN Advisory to Financial Institutions to Counter the Financing of Iran-Backed Terrorist Organizations,FinCEN,US,2024-05-08,https://www.fincen.gov/system/files/advisory/2024-05-07/FinCEN-Advisory-Iran-Backed-TF-508C.pdf,terrorist_financing,25,data/source/023_iran_backed_terrorist_financing.yaml,2026-05-17T12:56:34.046574+00:00
extracted,024_elder_financial_exploitation,"FIN-2022-A002 June 15, 2022 Advisory on Elder Financial Exploitation",FinCEN,US,2022-06-15,https://www.fincen.gov/system/files/advisory/2022-06-15/FinCEN%20Advisory%20Elder%20Financial%20Exploitation%20FINAL%20508.pdf,fraud_nexus,24,data/source/024_elder_financial_exploitation.yaml,2026-05-17T12:56:28.779144+00:00
extracted,025_kleptocracy_foreign_public_corruption,FIN-2022-A001 Advisory on Kleptocracy and Foreign Public Corruption,FinCEN,US,2022-04-14,https://www.fincen.gov/system/files/advisory/2022-04-14/FinCEN%20Advisory%20Corruption%20FINAL%20508.pdf,corruption,10,data/source/025_kleptocracy_foreign_public_corruption.yaml,2026-05-17T12:56:32.665426+00:00
extracted,026_ransomware_ransom_payments,FIN-2021-A004 Advisory on Ransomware and the Use of the Financial System to Facilitate Ransom Payments,FinCEN,US,2021-11-08,https://www.fincen.gov/system/files/advisory/2021-11-08/FinCEN%20Ransomware%20Advisory_FINAL_508_.pdf,cyber_enabled,12,data/source/026_ransomware_ransom_payments.yaml,2026-05-17T12:56:35.635621+00:00
extracted,027_covid_economic_impact_payments,"FinCEN Advisory FIN-2021-A002, Advisory on Financial Crimes Targeting COVID-19 Economic Impact Payments",FinCEN,US,2021-02-24,https://www.fincen.gov/system/files/advisory/2021-02-25/Advisory%20EIP%20FINAL%20508.pdf,fraud_nexus,17,data/source/027_covid_economic_impact_payments.yaml,2026-05-17T12:56:40.046430+00:00
extracted,028_covid_health_care_fraud,FinCEN Advisory FIN-2021-A001,FinCEN,US,2021-02-02,https://www.fincen.gov/system/files/advisory/2021-02-02/COVID-19%20Health%20Care%20508%20Final.pdf,fraud_nexus,42,data/source/028_covid_health_care_fraud.yaml,2026-05-17T12:56:58.993949+00:00
extracted,029_human_trafficking_supplemental,FinCEN Advisory FIN-2020-A008 Supplemental Advisory on Identifying and Reporting Human Trafficking and Related Activity,FinCEN,US,2020-10-15,https://www.fincen.gov/system/files/advisory/2020-10-15/Advisory%20Human%20Trafficking%20508%20FINAL_0.pdf,human_trafficking,58,data/source/029_human_trafficking_supplemental.yaml,2026-05-17T12:57:05.123449+00:00
extracted,030_unemployment_insurance_fraud,FinCEN Advisory FIN-2020-A007,FinCEN,US,2020-10-13,https://www.fincen.gov/system/files/advisory/2020-10-13/Advisory%20Unemployment%20Insurance%20COVID%2019%20508%20Final.pdf,fraud_nexus,22,data/source/030_unemployment_insurance_fraud.yaml,2026-05-17T12:56:48.856304+00:00
extracted,031_covid_cybercrime,"FIN-2020-A005 July 30, 2020 Advisory on Cybercrime and Cyber-Enabled Crime Exploiting the Coronavirus Disease 2019 (COVID-19) Pandemic",FinCEN,US,2020-07-30,https://www.fincen.gov/system/files/advisory/2020-07-30/FinCEN%20Advisory%20Covid%20Cybercrime%20508%20FINAL.pdf,cyber_enabled,20,data/source/031_covid_cybercrime.yaml,2026-05-17T12:56:55.722908+00:00
extracted,032_covid_medical_scams,FIN-2020-A002 Advisory on Medical Scams Related to the Coronavirus Disease 2019 (COVID-19),FinCEN,US,2020-05-18,https://www.fincen.gov/system/files/advisory/2020-05-18/Advisory%20Medical%20Fraud%20Covid%2019%20FINAL%20508.pdf,fraud_nexus,21,data/source/032_covid_medical_scams.yaml,2026-05-17T12:57:05.657493+00:00
extracted,033_financially_motivated_sextortion,FinCEN Notice on Financially Motivated Sextortion (FIN-2025-NTC2),FinCEN,US,2025-09-08,https://www.fincen.gov/system/files/2025-09/FinCEN-Notice-FMS-508C.pdf,layering,10,data/source/033_financially_motivated_sextortion.yaml,2026-05-17T12:57:03.959735+00:00
extracted,034_cvc_kiosks_scam_payments,FinCEN Notice on the Use of Convertible Virtual Currency Kiosks for Scam Payments and Other Illicit Activity,FinCEN,US,2025-08-04,https://www.fincen.gov/system/files/2025-08/FinCEN-Notice-CVCKIOSK.pdf,fraud_nexus,15,data/source/034_cvc_kiosks_scam_payments.yaml,2026-05-17T12:57:09.015723+00:00
extracted,035_timeshare_fraud_mexico_tcos,"FIN-2024-NTC2 July 16, 2024 FinCEN, OFAC, and FBI Joint Notice on Timeshare Fraud Associated with Mexico-Based Transnational Criminal Organizations",FinCEN,US,2024-07-16,https://www.fincen.gov/system/files/shared/FinCEN-Joint-Notice-Timeshare-Mexico-508C-FINAL.pdf,shell_company,10,data/source/035_timeshare_fraud_mexico_tcos.yaml,2026-05-17T12:57:12.799027+00:00
extracted,036_counterfeit_passport_cards,FinCEN Notice on the Use of Counterfeit U.S. Passport Cards to Perpetrate Identity Theft and Fraud Schemes at Financial Institutions (FIN-2024-NTC1),FinCEN,US,2024-04-15,https://www.fincen.gov/system/files/shared/FinCEN_Notice_Counterfeit_US_Passport_FINAL508.pdf,fraud_nexus,17,data/source/036_counterfeit_passport_cards.yaml,2026-05-17T12:57:15.680355+00:00
extracted,037_global_export_control_evasion,FinCEN and the U.S. Department of Commerce’s Bureau of Industry and Security Announce New Reporting Key Term and Highlight Red Flags Relating to Global Evasion of U.S. Export Controls (FIN-2023-NTC2),FinCEN,US,2023-11-06,https://www.fincen.gov/system/files/shared/FinCEN_Joint_Notice_US_Export_Controls_FINAL508.pdf,trade_based_money_laundering,13,data/source/037_global_export_control_evasion.yaml,2026-05-17T12:57:15.766560+00:00
extracted,038_payroll_tax_workers_comp_fraud,FinCEN Notice FIN-2023-NTC1,FinCEN,US,2023-08-15,https://www.fincen.gov/system/files/2025-09/FinCEN_Notice_Payroll_Tax_Evasion_and_Workers_Comp_508.pdf,shell_company,11,data/source/038_payroll_tax_workers_comp_fraud.yaml,2026-05-17T12:57:15.794583+00:00
extracted,206,FinCEN Notice on the Threat of Human Trafficking During the 2026 FIFA World Cup,FinCEN,US,2026-05-11,https://www.fincen.gov/system/files/2026-05/FinCEN-WCHT-Notice.pdf,human_trafficking,10,data/source/206.yaml,2026-05-14T00:20:54.677793+00:00
extracted,207,FinCEN Alert FIN-2026-Alert002,FinCEN,US,2026-05-11,https://www.fincen.gov/system/files/2026-05/FinCEN-Alert-IRGC.pdf,sanctions_evasion,14,data/source/207.yaml,2026-05-14T00:20:57.182321+00:00
downloaded,,2021 National ML/TF/PF Risk Assessment Report,AMLD/MJIB,Taiwan,2021/22,https://www.mjib.gov.tw/userfiles/files/35-%E6%B4%97%E9%8C%A2%E9%98%B2%E5%88%B6%E8%99%95/files/%E6%B4%97%E9%8C%A2%E9%98%B2%E5%88%B6%E8%99%95-EN/2021%20NRA%20Report.pdf,National,,,
downloaded,,2021 Registration & Reporting Guidelines (Annex D Red Flags / Annex E Typologies),AMLC,Philippines,2021,http://www.amlc.gov.ph/images/PDFs/2021-AMLC%20REGISTRATION%20AND%20REPORTING%20GUIDELINES.pdf,All ML/TF,,,
downloaded,,2022 Terrorism and TF Risk Assessment (Exec Summary),AMLC,Philippines,2022,http://www.amlc.gov.ph/images/PDFs/Main/2022%20TERRORISM%20AND%20TF%20STUDY%20-%20Executive%20Summary%20(WEBSITE).pdf,TF,,,
downloaded,,2023 Internet Crime Report,FBI / IC3,United States,2024,https://www.ic3.gov/Media/PDF/AnnualReport/2023_IC3Report.pdf,Cyber-enabled crime / fraud,,,
downloaded,,2024 Internet Crime Report,FBI / IC3,United States,2025,https://www.ic3.gov/AnnualReport/Reports/2024_IC3Report.pdf,Cyber-enabled crime / fraud,,,
downloaded,,A Framework for OFAC Compliance Commitments,OFAC,United States,2019,https://ofac.treasury.gov/media/16331/download?inline,Sanctions compliance,,,
downloaded,,AML and Sanctions Rules and Guidance — v10,ADGM FSRA,UAE,Feb 2025,https://assets.adgm.com/download/assets/Anti-Money+Laundering+and+Sanctions+Rules+and+Guidance+AML+20250210.pdf/6a0053227a6911ef819fe625b52cf370,All ML/TF,,,
downloaded,,AML/CFT Controls in Trade Finance and Correspondent Banking,MAS,Singapore,Updated,https://www.mas.gov.sg/-/media/MAS/News-and-Publications/Monographs-and-Information-Papers/Guidance-on-AML-CFT-Controls-in-Trade-Finance-and-Correspondent-Banking.pdf,Trade/Correspondent,,,
downloaded,,AML/CFT Guideline for MSOs and DPMS,C&ED,Hong Kong,Updated,https://www.drs.customs.gov.hk/download/drsguideline/AML_CFT_Guideline_en.pdf,MSOs/DPMS,,,
downloaded,,AML/CTF Guide,SAMA,Saudi Arabia,2018/19,https://www.sama.gov.sa/en-US/RulesInstructions/AML%20Rules/Money%20Laundering.pdf,All ML/TF,,,
downloaded,,Advisory — Use of Filipino Dummies (Drug Trade),AMLC,Philippines,Recent,http://www.amlc.gov.ph/home/16-news-and-announcements/236-advisory-on-the-typologies-report-on-the-use-of-filipinos-and-businesses-as-dummies,Drug trade,,,
downloaded,,Amber Alert: Art Market Participants — AML Regulations and Financial Crime Vulnerabilities,NCA / NECC,United Kingdom,2021,https://www.nationalcrimeagency.gov.uk/who-we-are/publications/516-necc-art-market-participants-aml-regulations-and-financial-crime-vulnerabilities/file,Art market / AML,,,
downloaded,,Amber Alert: Bribery & Corruption Risks to UK Independent Schools,NCA / NECC,United Kingdom,2021,https://www.nationalcrimeagency.gov.uk/who-we-are/publications/486-necc-bribery-corruption-risks-to-uk-independent-schools-alert/file,Bribery / corruption / education,,,
downloaded,,Amber Alert: Networks & Shadow Fleets,NCA / NECC,United Kingdom,2025,https://www.nationalcrimeagency.gov.uk/who-we-are/publications/769-necc-amber-alert-networks-and-shadow-fleets/file,Sanctions evasion / shadow fleet / shipping,,,
downloaded,,Amber Alert: Online Sale of Fentanyl Analogues,NCA / NECC,United Kingdom,2018,https://www.nationalcrimeagency.gov.uk/who-we-are/publications/334-nca-amber-alert-online-sale-of-fentanyl-analogues/file,Drugs / dark web / payments,,,
downloaded,,Amber Alert: Payment Diversion Fraud,NCA / NECC,United Kingdom,2021,https://www.nationalcrimeagency.gov.uk/who-we-are/publications/580-necc-payment-division-fraud-amber-alert/file,BEC / invoice fraud,,,
downloaded,,Amending GLs — NPOs (EBA/GL/2023/03),EBA,European Union,2023,https://www.eba.europa.eu/sites/default/files/document_library/Publications/Guidelines/2023/1054143/Amending%20GLs%20to%20the%20RFGLs%20in%20relation%20to%20NPOs.pdf,NPOs,,,
downloaded,,Amending RFGL for CASPs (EBA/GL/2024/01) — applies from 30 Dec 2024,EBA,European Union,2024,https://www.eba.europa.eu/sites/default/files/2024-01/a3e89f4f-fbf3-4bd6-9e07-35f3243555b3/Final%20Amending%20%20Guidelines%20on%20MLTF%20Risk%20Factors.pdf,Crypto,,,
downloaded,,Annex — Guideline for CASPs,AFM,Netherlands,2025,https://www.afm.nl/~/profmedia/files/wet-regelgeving/2025/annex-guideline-wwft-sanctions.pdf,Crypto,,,
downloaded,,Annual Report 2021–22 (Chap. 7 RFIs),FIU-IND,India,2022,https://fiuindia.gov.in/pdfs/downloads/AnnualReport2021_22.pdf,All ML/TF,,,
downloaded,,Annual Report 2023,JAFIC,Japan,2023,https://www.npa.go.jp/sosikihanzai/jafic/en/nenzihokoku_e/data/jafic_e2023.pdf,All ML/TF,,,
downloaded,,Annual Report 2024,JAFIC (NPA),Japan,2024,https://www.npa.go.jp/sosikihanzai/jafic/en/nenzihokoku_e/data/jafic_e2024.pdf,All ML/TF,,,
downloaded,,BSA/AML Examination Manual — Appendix F: Red Flags,FFIEC,United States,2014 (current),https://bsaaml.ffiec.gov/manual/Appendices/07,All ML/TF,,,
downloaded,,Best Practice Paper — Legal Persons Misuse Typologies,ACIP/MAS,Singapore,2018,https://abs.org.sg/docs/library/legal-persons-misuse-typologies-and-best-practice.pdf,Shell companies,,,
downloaded,,Best Practices for Countering TBML,ACIP/MAS,Singapore,2018,https://www.mas.gov.sg/regulation/anti-money-laundering/amlcft-industry-partnership-acip,TBML,,,
downloaded,,Bullion Dealers RA,AUSTRAC,Australia,2024,https://www.austrac.gov.au/business/how-comply-and-report-guidance-and-resources/guidance-resources/risk-assessments,Bullion,,,
downloaded,,CBUAE Rulebook — AML/CFT (master regulatory framework page),CBUAE,United Arab Emirates,Current,https://rulebook.centralbank.ae/en/rulebook/amlcft,Master AML/CFT rulebook,,,
downloaded,,Circular CSSF 18/698 — AML/CFT for Investment Funds,CSSF,Luxembourg,2018+,https://www.cssf.lu/en/Document/circular-cssf-18-698,Investment funds,,,
downloaded,,Complex Proliferation Financing and Sanctions Evasion Schemes,FATF,Supranational,Jun 2025,https://www.fatf-gafi.org/en/publications/Financingofproliferation/complex-proliferation-financing-sanction-evasion-schemes.html,PF/Sanctions,,,
downloaded,,Concealment of Beneficial Ownership,FATF/Egmont,Supranational,2018,https://www.fatf-gafi.org/en/publications/Methodsandtrends/Concealment-beneficial-ownership.html,BO,,,
downloaded,,Counter Proliferation Financing — Implementation of UN Provisions,FATF,Supranational,2018/2021,https://www.fatf-gafi.org/en/publications/Financingofproliferation/Guidance-counter-proliferation-financing.html,PF,,,
downloaded,,Countering Proliferation Financing — Industry Best Practices,ACIP/MAS,Singapore,Mar 2025,https://www.mas.gov.sg/regulation/anti-money-laundering/amlcft-industry-partnership-acip,Proliferation,,,
downloaded,,DPRK IT Workers Joint Advisory,FBI/CISA/Treasury,United States,2022/23,https://ofac.treasury.gov/media/923126/download?inline,DPRK IT workers,,,
downloaded,,December 2022 Typologies Brief: Money Mules,AMLC,Philippines,2022/23,http://www.amlc.gov.ph/images/PDFs/PR2023/2022%20DEC%20TYPOLOGIES%20BRIEF%20MONEY%20MULES_For%20Publication.pdf,Money mules,,,
downloaded,,"Detecting, Disrupting and Investigating Online Child Sexual Exploitation: Using Financial Intelligence to Protect Children from Harm",FATF,Global,2025,https://fiaumalta.org/app/uploads/2025/03/March-2025-Detecting-Disrupting-and-Investigating-Online-Child-Sexual-Exploitation.pdf,OCSE / financial intelligence,,,
downloaded,,Effective Mgmt of ML/TF Risks — Access to Financial Services (EBA/GL/2023/04),EBA,European Union,2023,https://www.eba.europa.eu/sites/default/files/document_library/Publications/Guidelines/2023/1054144/Guidelines%20on%20MLTF%20risk%20management%20and%20access%20to%20financial%20services.pdf,De-risking,,,
downloaded,,Effective Practices to Detect and Mitigate Misuse of Legal Persons,MAS,Singapore,2019,https://www.mas.gov.sg/-/media/MAS/Regulations-and-Financial-Stability/Regulatory-and-Supervisory-Framework/Anti_Money-Laundering_Countering-the-Financing-of-Terrorism/Effective-Practices-to-Detect-and-Mitigate-the-Risk-from-Misuse-of-Legal-Persons-June-2019.pdf,Shell companies/BO,,,
downloaded,,FCTR — Financial Crime Thematic Reviews,FCA,United Kingdom,Updated,https://www.handbook.fca.org.uk/handbook/FCTR.pdf,All FC,,,
downloaded,,Financial Crime Guide (FCG),FCA,United Kingdom,2024 (PS24/17),https://www.handbook.fca.org.uk/handbook/FCG.pdf,All FC,,,
downloaded,,Foreign Bank Branches RA + Foreign Subsidiary Banks RA,AUSTRAC,Australia,2021,https://www.austrac.gov.au/business/how-comply-and-report-guidance-and-resources/guidance-resources/risk-assessments,Banking,,,
downloaded,,Full BSA/AML Examination Manual,FFIEC,United States,2021 (rolling),https://bsaaml.ffiec.gov/manual,BSA/AML,,,
downloaded,,Global Advisory on Russian Sanctions Evasion (REPO Task Force),OFAC,United States,2024,https://home.treasury.gov/system/files/136/REPO_Joint_Advisory.pdf,Russia evasion,,,
downloaded,,"Guidance Paper — Transaction Monitoring, Screening & STR",HKMA,Hong Kong,2023,https://www.hkma.gov.hk/media/eng/doc/key-information/guidelines-and-circular/2023/20230209e2a2.pdf,TM/Screening,,,
downloaded,,Guidance for Effective AML/CFT Transaction Monitoring Controls,MAS,Singapore,2018,https://www.mas.gov.sg/-/media/MAS/Regulations-and-Financial-Stability/Regulatory-and-Supervisory-Framework/Anti_Money-Laundering_Countering-the-Financing-of-Terrorism/Guidance-for-Effective-AML-CFT-Transaction-Monitoring-Controls.pdf,TM,,,
downloaded,,Guidance for LFIs on STR Reporting,CBUAE,UAE,2024+,https://rulebook.centralbank.ae/en/rulebook/guidance-licensed-financial-institutions-suspicious-transaction-reporting,STR,,,
downloaded,,Guidance for Licensed Financial Institutions Providing Services to Legal Persons and Arrangements (Annex 1: Red Flags for Concealment of Beneficial Ownership),CBUAE,United Arab Emirates,2021,https://www.centralbank.ae/media/tdikym4m/amlcft-guidance-for-licensed-financial-institutions-providing-services-to-legal-persons-and-arrangements.pdf,BO concealment / legal persons,,,
downloaded,,Guidance for Licensed Financial Institutions on Risks Related to Trade-Based Money Laundering (TBML) and Transshipment,CBUAE,United Arab Emirates,2022,https://rulebook.centralbank.ae/en/rulebook/annex-1-tbml-and-illicit-transshipment-red-flags,TBML / illicit transshipment,,,
downloaded,,Guidance for Licensed Financial Institutions on the Implementation of Targeted Financial Sanctions,CBUAE,United Arab Emirates,2022,https://rulebook.centralbank.ae/en/rulebook/guidance-licensed-financial-institutions-implementation-targeted-financial-sanctions,TFS / TF / PF sanctions,,,
downloaded,,Guidance on Iran's UAV-Related Activities,OFAC,United States,2023,https://ofac.treasury.gov/media/931996/download,Iran UAVs,,,
downloaded,,Guidance on Suspicious Transaction Reporting and Fraud and Money Laundering Intelligence Taskforce (FMLIT) Alerts,JFIU / FMLIT,Hong Kong,Various,https://www.jfiu.gov.hk/en/str_main.html,STR / FMLIT alerts (HK),,,
downloaded,,Guidance on the Democratic People's Republic of Korea Information Technology (IT) Workers Advisory,OFAC / State / FBI,United States,2022,https://ofac.treasury.gov/system/files/126/20220516_dprk_it_worker_advisory.pdf,DPRK IT-worker fraud / sanctions evasion,,,
downloaded,,Guidance on the North Korean Cyber Threat,OFAC,United States,2020,https://ofac.treasury.gov/media/36061/download,DPRK cybercrime / sanctions evasion,,,
downloaded,,"Guidance to Address Illicit Shipping and Sanctions Evasion Practices (Iran, DPRK, Syria)",OFAC / State / USCG,United States,2020,https://ofac.treasury.gov/media/37751/download?inline=,"Sanctions evasion / maritime (Iran, DPRK, Syria)",,,
downloaded,,Guidance to CMIs on Enhancing AML/CFT Frameworks,MAS,Singapore,2019,https://www.mas.gov.sg/-/media/MAS/Regulations-and-Financial-Stability/Regulatory-and-Supervisory-Framework/Anti_Money-Laundering_Countering-the-Financing-of-Terrorism/Guidance-to-Capital-Markets-Intermediaries-on-Enhancing-AMLCFT-Frameworks-and-Controls.pdf,Capital markets,,,
downloaded,,Guideline on AML/CFT (Licensed Corporations),SFC,Hong Kong,2021,https://www.sfc.hk/-/media/EN/assets/components/codes/files-current/web/guidelines/guideline-on-anti-money-laundering-and-counter-financing-of-terrorism-for-licensed-corporations/AML-Guideline-for-LCs_Eng_30-Sep-2021.pdf,Securities,,,
downloaded,,Guideline on AML/CFT (SVF Licensees),HKMA,Hong Kong,2023,https://www.hkma.gov.hk/media/eng/doc/key-information/guidelines-and-circular/guideline/Guideline_on_AML-CFT_(for_SVFs)_eng_May%202023.pdf,Stored value,,,
downloaded,,Guidelines for Wwft and Sanctions Act 1977,AFM,Netherlands,2024,https://www.afm.nl/~/profmedia/files/wet-regelgeving/beleidsuitingen/leidraden/guidelines-wwft-sw.pdf,All ML/TF,,,
downloaded,,IRS Criminal Investigation Annual Report (FY 2024),IRS-CI,United States,2024,https://www.irs.gov/pub/irs-pdf/p3583.pdf,Tax / financial crime / case studies,,,
downloaded,,Independent Remittance Dealers RA + Remittance Network Providers RA,AUSTRAC,Australia,2024,https://www.austrac.gov.au/business/how-comply-and-report-guidance-and-resources/guidance-resources/risk-assessments,Remittance,,,
downloaded,,Indicators of suspicious activity — Banking sector,AUSTRAC,Australia,Current,https://www.austrac.gov.au/industry-and-business/education-and-resources/publications-and-resources/indicators-suspicious-activity-banking-sector,AML/CTF indicators — banks,,,
downloaded,,Indicators of suspicious activity — Securities and derivatives sector,AUSTRAC,Australia,Current,https://www.austrac.gov.au/industry-and-business/education-and-resources/publications-and-resources/indicators-suspicious-activity-securities-and-derivatives-sector,AML/CTF indicators — securities,,,
downloaded,,Internet Organised Crime Threat Assessment (IOCTA 2025),Europol,European Union,2025,https://www.europol.europa.eu/publication-events/main-reports/internet-organised-crime-threat-assessment-iocta-2025,Cybercrime,,,
downloaded,,Iran Ballistic Missile Procurement Advisory,OFAC,United States,2023,https://ofac.treasury.gov/media/932336/download,Iran proliferation,,,
downloaded,,KoFIU AML/CFT Framework and Annual Reports,KoFIU,South Korea,Various,https://www.kofiu.go.kr/eng/main.do,AML/CFT framework / SAR statistics (KR),,,
downloaded,,ML/TF Indicators — Financial Entities,FINTRAC,Canada,Updated,https://fintrac-canafe.canada.ca/guidance-directives/transaction-operation/indicators-indicateurs/fin_mltf-eng,All ML/TF,,,
downloaded,,ML/TF Indicators — MSBs,FINTRAC,Canada,Updated,https://fintrac-canafe.canada.ca/guidance-directives/transaction-operation/indicators-indicateurs/msb_mltf-eng,MSB,,,
downloaded,,ML/TF Indicators — Real Estate,FINTRAC,Canada,Updated,https://fintrac-canafe.canada.ca/guidance-directives/transaction-operation/indicators-indicateurs/real_mltf-eng,Real estate,,,
downloaded,,ML/TF Indicators — Virtual Currency,FINTRAC,Canada,Updated,https://fintrac-canafe.canada.ca/guidance-directives/transaction-operation/indicators-indicateurs/vc_mltf-eng,Crypto,,,
downloaded,,ML/TF Through the Real Estate Sector,FATF,Supranational,2007,https://www.fatf-gafi.org/en/publications/Methodsandtrends/Moneylaunderingandterroristfinancingthroughtherealestatesector.html,Real estate,,,
downloaded,,ML/TF/PF Risk Assessments — Sectoral and National,MAS,Singapore,2024+,https://www.mas.gov.sg/regulation/anti-money-laundering/ml-tf-pf-risk-assessments,National,,,
downloaded,,"MONEYVAL Typology Reports — Virtual Assets, Online Gambling, Real Estate (collection)",MONEYVAL,Council of Europe (39 jurisdictions),Various,https://www.coe.int/en/web/moneyval/activities/typologies,Cross-jurisdictional ML/TF typologies,,,
downloaded,,Master Direction — KYC,RBI,India,Updated 2023,https://www.rbi.org.in/Scripts/BS_ViewMasterDirections.aspx?id=11566,KYC/CDD,,,
downloaded,,Money Laundering Regulations 2007: Anti-Money Laundering Compliance in the Money Service Business Sector,HMRC,United Kingdom,2018,https://assets.publishing.service.gov.uk/media/5cdd76ebe5274a774d84148a/Anti-money_laundering__compliance_in_the_MSB_sector.pdf,MSBs / agent networks,,,
downloaded,,Money Laundering in Australia National Risk Assessment,AUSTRAC,Australia,2024,https://www.austrac.gov.au/business/how-comply-and-report-guidance-and-resources/guidance-resources/risk-assessments,National,,,
downloaded,,Money laundering guidance for money service businesses,HMRC,United Kingdom,2014/Current,https://assets.publishing.service.gov.uk/government/uploads/system/uploads/attachment_data/file/348648/Money-laundering-guidance-for-money-service-businesses.pdf,MSB / CDD / agent supervision,,,
downloaded,,National RA on ML/TF/PF (English),AMLO,Thailand,2022,https://www.amlo.go.th/amlo-intranet/media/k2/attachments/NRAYThailandYforYPublicationYEnglish_6112.pdf,National,,,
downloaded,,National Strategic Assessment of Serious and Organised Crime 2025,NCA,United Kingdom,2025,https://www.nationalcrimeagency.gov.uk/images/campaign/NSA/PDFs/NSA%202025%20Website%20-%20PDF%20Version%20v1.0.pdf,SOC threats / illicit finance / cyber / fraud,,,
downloaded,,North Korea Sanctions Advisory (Updated): Addressing North Korea's Illicit Shipping Practices,OFAC,United States,2019,https://ofac.treasury.gov/media/16506/download?inline=,DPRK sanctions evasion / maritime,,,
downloaded,,North Korea Sanctions Advisory: Sanctions Risks Related to North Korea's Shipping Practices,OFAC,United States,2018,https://ofac.treasury.gov/media/7726/download?inline=,DPRK sanctions evasion / maritime,,,
downloaded,,Notice 626 — Prevention of ML and CFT (Banks),MAS,Singapore,2025,https://www.mas.gov.sg/regulation/notices/notice-626,All ML/TF,,,
downloaded,,OFSI Cryptoassets Threat Assessment,OFSI,United Kingdom,2025,https://www.gov.uk/government/publications/sanctions-compliance-in-the-cryptoassets-sector-threat-assessment,Cryptoasset sanctions evasion,,,
downloaded,,OFSI Financial Services Threat Assessment,OFSI,United Kingdom,2025,https://assets.publishing.service.gov.uk/media/67f3f2467ed82b90fcf5bffc/OFSI_Financial_Services_Threat_Assessment_Report.pdf,Russia sanctions evasion / FS sector,,,
downloaded,,OFSI Legal Services Threat Assessment,OFSI,United Kingdom,2025,https://assets.publishing.service.gov.uk/media/6835e2f4214f7f554cf6932a/OFSI_Legal_Services_Threat_Assessment.pdf,Russia sanctions evasion / legal sector,,,
downloaded,,Operational Alert: Laundering of Proceeds of Online Child Sexual Exploitation (Project Shadow),FINTRAC,Canada,2025,https://fintrac-canafe.canada.ca/intel/operation/exploitation-eng,OCSE,,,
downloaded,,Operational Alert: Professional ML through Trade & MSBs,FINTRAC,Canada,2019,https://fintrac-canafe.canada.ca/intel/operation/oai-ml-eng,PML/TBML,,,
downloaded,,Operational Alert: Underground Banking Schemes (Project Athena),FINTRAC,Canada,2022,https://fintrac-canafe.canada.ca/intel/operation/ml-rec-eng,Underground banking,,,
downloaded,,Operational Alert: Updated HT for Sexual Exploitation (Project Protect),FINTRAC,Canada,2021,https://fintrac-canafe.canada.ca/intel/operation/oai-hts-2021-eng,Human trafficking,,,
downloaded,,Payment Transparency Standards,Wolfsberg,Supranational,Oct 2023,https://www.gleif.org/lei-solutions/featuring-the-lei/cross-border-payments/wolfsberg-group-payment-transparency-standards-2023.pdf,Payments transparency,,,
downloaded,,Price Cap Coalition Advisory for Maritime Oil Industry,OFAC,United States,2023,https://ofac.treasury.gov/media/932166/download?inline,Russia oil,,,
downloaded,,Proliferation Financing in Australia NRA,AUSTRAC,Australia,2022,https://www.austrac.gov.au/business/how-comply-and-report-guidance-and-resources/guidance-resources/risk-assessments,PF,,,
downloaded,,RBA Guidance for the Real Estate Sector,FATF,Supranational,2022,https://www.fatf-gafi.org/en/publications/Fatfrecommendations/Guidance-rba-real-estate-sector.html,Real estate,,,
downloaded,,Red Alert: Exporting High Risk Goods,NCA / NECC,United Kingdom,2023,https://www.nationalcrimeagency.gov.uk/who-we-are/publications/687-necc-red-alert-exporting-high-risk-goods/file,Sanctions evasion / dual-use goods / Russia,,,
downloaded,,Red Alert: Financial Sanctions Evasion Typologies — Russian Elites and Enablers,NCA / NECC + OFSI,United Kingdom,2022,https://www.nationalcrimeagency.gov.uk/who-we-are/publications/605-necc-financial-sanctions-evasion-russian-elites-and-enablers/file,Russia sanctions evasion / kleptocracy,,,
downloaded,,Red Alert: Gold-based Financial and Trade Sanctions Circumvention,NCA / NECC,United Kingdom,2023,https://www.nationalcrimeagency.gov.uk/who-we-are/publications/679-necc-red-alert-gold-sanctions-circumvention/file,Gold sanctions evasion / Russia,,,
downloaded,,Regulatory Notice 19-18 (Suspicious Activity Monitoring),FINRA,United States,2019,https://www.finra.org/rules-guidance/notices/19-18,Securities AML,,,
downloaded,,SAMA Anti-Money Laundering and Counter-Terrorist Financing Rules,SAMA / AMLPC,Saudi Arabia,Current,https://www.sama.gov.sa/en-US/Laws/BankingRules/Anti-Money%20Laundering%20and%20Counter-Terrorist%20Financing%20Rules.pdf,AML/CTF for Saudi FIs,,,
downloaded,,SARs Glossary Codes and Reporting Routes,NCA / UKFIU,United Kingdom,2022,https://www.nationalcrimeagency.gov.uk/who-we-are/publications/635-sars-glossary-codes-and-reporting-routes/file,SAR reporting,,,
downloaded,,SARs Reporter Booklet (April 2024),NCA / UKFIU,United Kingdom,2024,https://www.nationalcrimeagency.gov.uk/who-we-are/publications/714-sars-reporter-booklet-april-2024-v0-3/file,SAR best practice / case studies,,,
downloaded,,SARs in Action (Issue 31) — UKFIU magazine,NCA / UKFIU,United Kingdom,2025,https://www.nationalcrimeagency.gov.uk/who-we-are/publications/749-sars-in-action-issue-31/file,SAR best practice / UKFIU operations,,,
downloaded,,Sanctions Compliance Guidance for the Virtual Currency Industry,OFAC,United States,2021,https://ofac.treasury.gov/media/913571/download?inline,Crypto sanctions,,,
downloaded,,Sectoral RA — Advocate Profession,PPATK,Indonesia,2022,https://www.ppatk.go.id/backend/assets/images/publikasi/1658219051_.pdf,Lawyers,,,
downloaded,,Sound Management of Risks Related to ML and TF,BIS / Basel Committee,Supranational,2020,https://www.bis.org/bcbs/publ/d505.htm,All ML/TF,,,
downloaded,,Strengthening AML/CFT Controls of DPT Service Providers,MAS,Singapore,2022,https://www.mas.gov.sg/-/media/MAS/Regulations-and-Financial-Stability/Regulations-Guidance-and-Licensing/Payment-Service-Providers/Strengthening-AMLCFT-Controls-of-Digital-Payment-Token-Service-Providers.pdf,Crypto,,,
downloaded,,Strengthening Controls — Misuse of Legal Persons & Complex Structures,MAS,Singapore,2023,https://www.mas.gov.sg/regulation/guidance/amlcft-controls-on-risks-of-misuse-of-legal-persons-arrangements-and-complex-structures,Shell companies/BO,,,
downloaded,,Superannuation Sector Threat Update,AUSTRAC,Australia,2024,https://www.austrac.gov.au/business/how-comply-and-report-guidance-and-resources/guidance-resources/risk-assessments,Superannuation,,,
downloaded,,Terrorism Financing in Australia NRA,AUSTRAC,Australia,2024,https://www.austrac.gov.au/business/how-comply-and-report-guidance-and-resources/guidance-resources/risk-assessments,TF,,,
downloaded,,Trade Finance Principles (with 2019 Amendment for Open Account and FI Trade Loans),Wolfsberg Group / ICC / BAFT,Global,2017 (2019 amendment),https://library.iccwbo.org/content/tfb/pdf/trade-finance-principles-2019-amendments-wolfsberg-icc-baft-final.pdf,Trade finance / FCC,,,
downloaded,,Trade-Based Money Laundering (foundational),FATF,Supranational,2006,https://www.fatf-gafi.org/en/publications/Methodsandtrends/Trade-basedmoneylaundering.html,TBML,,,
downloaded,,Trade-Based Money Laundering: Trends and Developments,FATF,Supranational,2020,https://www.fatf-gafi.org/en/publications/Methodsandtrends/Trade-based-money-laundering-trends-and-developments.html,TBML,,,
downloaded,,Typologies and Case Studies Report,AUSTRAC,Australia,2007–2014,https://www.austrac.gov.au/industry-and-business/education-and-resources/publications-and-resources/typologies-paper-austrac-money-laundering-and-terrorism-financing-indicators,All ML/TF,,,
downloaded,,Updated Advisory on Potential Sanctions Risks for Facilitating Ransomware Payments,OFAC,United States,2021,https://ofac.treasury.gov/media/912981/download?inline,Ransomware sanctions,,,
downloaded,,Updated Guidance for Foreign Financial Institutions on E.O. 14114,OFAC,United States,2023/24,https://ofac.treasury.gov/media/932436/download,Russia FFI sanctions,,,
downloaded,,VASP Reporting User Manual (RFIs),FIU-IND,India,2023,https://fiuindia.gov.in/pdfs/quicklinks/User_Manual_VASP.pdf,Crypto,,,
not_downloaded,,ACPR Lignes directrices LCB-FT (AML/CFT Guidelines) — collection,ACPR (Banque de France),France,Various,https://acpr.banque-france.fr/page-tableau-filtre/lignes-directrices,AML/CFT guidance for French FIs,,,
not_downloaded,,"AML, CTF and Sanctions Module of the DFSA Rulebook (AML)",DFSA,UAE — DIFC,Current,https://dfsaen.thomsonreuters.com/sites/default/files/net_file_store/AML_VER21_05-2024.pdf,AML/CTF for DIFC firms,,,
not_downloaded,,AML/CFT/CPF and TFS for FIs Policy Document,BNM,Malaysia,2024,https://www.bnm.gov.my/-/policy-document-on-anti-money-laundering-countering-financing-of-terrorism-and-targeted-financial-sanctions-for-financial-institutions-aml/cft-and-tfs-for-fis-,All ML/TF,,,
not_downloaded,,AML/CFT/CPF for DNFBPs and NBFIs,BNM,Malaysia,2024,https://amlcft.bnm.gov.my/AMLCFT07.html,DNFBPs,,,
not_downloaded,,Annual Report and Typology Reports (Vol. I & II — Focus Enabler),MROS (fedpol),Switzerland,2025,https://www.fedpol.admin.ch/dam/fedpol/en/data/kriminalitaet/geldwaescherei/mros-typologiebericht-2025-e.pdf.download.pdf/mros-typologiebericht-2025-e.pdf,All ML/TF,,,
not_downloaded,,Anti-Money Laundering and Countering the Financing of Terrorism Guidelines for the Financial Sector,Central Bank of Ireland,Ireland,2021/Current,https://www.centralbank.ie/docs/default-source/regulation/how-we-regulate/anti-money-laundering-and-countering-the-financing-of-terrorism/legislation/anti-money-laundering-and-countering-the-financing-of-terrorism-guidelines-for-the-financial-sector.pdf,AML/CFT general guidance / FIs,,,
not_downloaded,,Auslegungs- und Anwendungshinweise (AuA 3.0),BaFin,Germany,2025,https://www.bafin.de/SharedDocs/Downloads/DE/Auslegungsentscheidung/dl_ae_auas_gw.pdf,All ML/TF,,,
not_downloaded,,Beneficial Ownership and Transparency of Legal Arrangements,FATF,Supranational,2024,https://www.fatf-gafi.org/en/publications/Fatfrecommendations/Guidance-Beneficial-Ownership-Transparency-Legal-Arrangements.html,BO,,,
not_downloaded,,Best Practices on Combating Abuse of NPOs,FATF,Supranational,2023,https://www.fatf-gafi.org/en/publications/Fatfrecommendations/Best-practices-NPOs-recommendation-8.html,NPO,,,
not_downloaded,,CRF Annual Report and Typology summaries (collection),CRF (Cellule de Renseignement Financier),Luxembourg,Various,https://justice.public.lu/fr/organisation-justice/cellule-renseignement-financier/publications.html,ML/TF typologies (LU),,,
not_downloaded,,CTIF-CFI Annual Reports and Typology Reports (collection),CTIF-CFI,Belgium,Various,https://www.ctif-cfi.be/en/publications,ML/TF typologies (BE),,,
not_downloaded,,Catálogos Ejemplificativos de Operaciones de Riesgo,SEPBLAC,Spain,Updated,https://www.sepblac.es/en/about-money-laundering-and-terrorist-financing/risk-operations-examples-catalogue,All ML/TF,,,
not_downloaded,,Comprehensive Update on Terrorist Financing Risks,FATF,Supranational,Jul 2025,https://www.fatf-gafi.org/content/dam/fatf-gafi/publications/Comprehensive-Update-on-Terrorist-Financing-Risks-2025.pdf.coredownload.inline.pdf,TF,,,
not_downloaded,,Correspondent Banking Due Diligence Questionnaire (CBDDQ) v1.4 and Financial Crime Compliance Questionnaire (FCCQ) v1.2,Wolfsberg Group,Global,2023,https://wolfsberg-group.org/news/36,Correspondent banking DD / FCC,,,
not_downloaded,,Crowdfunding for Terrorism Financing,FATF,Supranational,2023,https://www.fatf-gafi.org/en/publications/Methodsandtrends/Crowdfunding-for-terrorism-financing.html,TF/Crowdfunding,,,
not_downloaded,,"DIA AML/CFT Sector Risk Assessments — DNFBPs (real estate, accountants, lawyers, TCSPs, high-value dealers, NBDTs)",DIA,New Zealand,Various,https://www.dia.govt.nz/AML-CFT-Risk-Assessments,Sector RA — DNFBPs,,,
not_downloaded,,Dear CEO Letter — Annex I Firms AML Failings,FCA,United Kingdom,2024,https://www.fca.org.uk/publication/correspondence/dear-ceo-letter-anti-money-laundering-controls-annex-1-financial-institutions.pdf,AML,,,
not_downloaded,,Disposiciones de Carácter General a que se refiere el Artículo 115 de la Ley de Instituciones de Crédito,CNBV,Mexico,Various (current consolidated text),https://www.cnbv.gob.mx/Normatividad/Disposiciones%20de%20car%C3%A1cter%20general%20a%20que%20se%20refiere%20el%20art%C3%ADculo%20115%20de%20la%20Ley%20de%20Instituciones%20de%20Cr%C3%A9dito.pdf,CDD/EDD / KYC / suspicious operations / banking,,,
not_downloaded,,EU Serious & Organised Crime Threat Assessment (SOCTA 2025),Europol,European Union,2025,https://www.europol.europa.eu/publication-events/main-reports/eu-socta-2025,SOC,,,
not_downloaded,,Ethnically or Racially Motivated Terrorism Financing,FATF,Supranational,2021,https://www.fatf-gafi.org/content/dam/fatf-gafi/reports/Ethnically-or-racially-motivated-terrorism-financing.pdf,TF/ERMW,,,
not_downloaded,,European Union Terrorism Situation and Trend Report (TE-SAT) 2024,Europol,European Union,2024,https://www.europol.europa.eu/cms/sites/default/files/documents/Europol_TE-SAT_2024_0.pdf,Terrorism / TF,,,
not_downloaded,,Evaluación Nacional de Riesgos de LD/FT (ENR 2020) — most recent publicly available,UIF (SHCP) — Government of Mexico,Mexico,2020,https://www.gob.mx/cms/uploads/attachment/file/543419/ENR_2020.pdf,National risk assessment,,,
not_downloaded,,FATF International Cooperation Handbook (collection),FATF,Global,Various,https://www.fatf-gafi.org/en/topics/internationalcooperation.html,International cooperation / asset recovery,,,
not_downloaded,,FCG — Detecting and Stopping Ransomware,AUSTRAC,Australia,2022,https://www.austrac.gov.au/sites/default/files/2022-04/AUSTRAC_FCG_DetectingAndReportingRansomware_FINAL.pdf,Ransomware,,,
not_downloaded,,FCG — Disaster Support Payments,AUSTRAC,Australia,2023,https://www.austrac.gov.au/sites/default/files/emergency-disaster.pdf,Disaster fraud,,,
not_downloaded,,FCG — Misuse of Payment Text Fields,AUSTRAC,Australia,2023,https://www.austrac.gov.au/sites/default/files/payment-text-fields.pdf,Payments abuse,,,
not_downloaded,,FCG — Preventing Criminal Abuse of Digital Currencies,AUSTRAC,Australia,2022,https://www.austrac.gov.au/sites/default/files/2022-04/AUSTRAC_FCG_PreventingCriminalAbuseOfDigitalCurrencies_FINAL.pdf,Crypto,,,
not_downloaded,,FFFS 2017:11 — Regulations regarding measures against money laundering and terrorist financing,Finansinspektionen,Sweden,2017/Updated,https://www.fi.se/en/published/regulations/2017/201711-regulations-regarding-measures-against-money-laundering-and-terrorist-financing,AML/CFT for Swedish FIs,,,
not_downloaded,,FIN-FSA Regulations and guidelines 2/2024 (or current) — Customer due diligence and prevention of ML/TF,FIN-FSA,Finland,2024/Current,https://www.finanssivalvonta.fi/en/regulation/regulatory-framework/anti-money-laundering/regulations-and-guidelines,AML/CFT for Finnish FIs,,,
not_downloaded,,"FINMA Circular 2016/7 ""Video and online identification"" + AMLO-FINMA + Annex on KYC/EDD",FINMA,Switzerland,Various,https://www.finma.ch/en/documentation/finma-circulars,AML / CDD / video-ID / EDD,,,
not_downloaded,,FIU-Netherlands Annual Reviews and Typology Bulletins (collection),FIU-Netherlands,Netherlands,Various,https://www.fiu-nederland.nl/en/publications,ML/TF typologies (NL),,,
not_downloaded,,FMA AML/CFT Circulars (Rundschreiben) — collection,FMA Austria,Austria,Various,https://www.fma.gv.at/en/cross-sectoral-topics/prevention-of-money-laundering-and-terrorist-financing/circulars,AML/CFT for Austrian FIs,,,
not_downloaded,,FMA AML/CFT Monitoring Insights and Sector Reports,FMA New Zealand,New Zealand,Various,https://www.fma.govt.nz/business/services/aml-cft/monitoring,AML monitoring / capital markets,,,
not_downloaded,,Financial Crime Guide — Combating the Sexual Exploitation of Children for Financial Gain,AUSTRAC,Australia,2022,https://www.austrac.gov.au/business/how-comply-and-report-guidance-and-resources/guidance-resources/combating-sexual-exploitation-children-financial-gain,OCSE / payment indicators,,,
not_downloaded,,Financial Flows from Human Trafficking,FATF,Supranational,2018,https://www.fatf-gafi.org/en/publications/Methodsandtrends/Human-trafficking.html,Human trafficking,,,
not_downloaded,,Financial Sanctions General Guidance,OFSI (HM Treasury),United Kingdom,2024,https://assets.publishing.service.gov.uk/government/uploads/system/uploads/attachment_data/file/Financial_Sanctions_Guidance.pdf,Sanctions,,,
not_downloaded,,Financing of Recruitment for Terrorist Purposes,FATF,Global,2018,https://www.fatf-gafi.org/content/dam/fatf-gafi/reports/Financing-Recruitment-for-Terrorism.pdf,TF / recruitment,,,
not_downloaded,,Finanstilsynet AML/CFT Circulars (collection),Finanstilsynet,Norway,Various,https://www.finanstilsynet.no/en/topics/anti-money-laundering/circulars,AML/CFT for Norwegian FIs,,,
not_downloaded,,GIIF Annual Report on Activities (Sprawozdanie z działalności),GIIF,Poland,Various,https://www.gov.pl/web/finanse/sprawozdania-z-dzialalnosci-giif,AML/CFT statistics / typologies (PL),,,
not_downloaded,,Guidance on the Provision of Banking Services to Fiat-backed Stablecoin Issuers,Wolfsberg Group,Global,2025,https://wolfsberg-group.org/news/guidance-on-the-provision-of-banking-services-to-fiat-backed-stablecoin-issuers,Stablecoins / digital assets,,,
not_downloaded,,Guidance to Address Illicit Shipping and Sanctions Evasion Practices,OFAC,United States,2020,https://ofac.treasury.gov/media/912486/download?inline,Maritime evasion (DPRK/Iran/Syria),,,
not_downloaded,,Guideline on AML/CFT (Authorized Institutions),HKMA,Hong Kong,2023,https://www.hkma.gov.hk/media/eng/doc/key-information/guidelines-and-circular/guideline/Guideline_on_AML-CFT_(for_AIs)_eng_May%202023.pdf,All ML/TF,,,
not_downloaded,,Guideline on Wwft and Sanctions Act,DNB,Netherlands,2020+,https://www.dnb.nl/media/chqnfjjh/leidraad-wwft-sw-eng.pdf,All ML/TF,,,
not_downloaded,,Guidelines for AML/CFT (FIs),FSA Japan,Japan,2024,https://www.fsa.go.jp/en/news/2024/aml_cft_guidelines.html,All ML/TF,,,
not_downloaded,,Guidelines on ML/TF Risk Factors (EBA/GL/2021/02),EBA,European Union,2021,https://www.eba.europa.eu/regulation-and-policy/anti-money-laundering-and-countering-financing-terrorism/revised-guidelines-money,All ML/TF,,,
not_downloaded,,IMPA Reporting Guidelines for Financial Asset Service Providers and Currency Service Providers,IMPA,Israel,Current,https://www.gov.il/en/departments/general/impa-reporting-guidelines,AML/CFT reporting / VASPs,,,
not_downloaded,,Illicit Financial Flows from Cyber-enabled Fraud,FATF,Supranational,2023,https://www.fatf-gafi.org/en/publications/Methodsandtrends/Illicit-financial-flows-cyber-enabled-fraud.html,Cyber fraud,,,
not_downloaded,,Indicators of suspicious activity — Life insurance sector,AUSTRAC,Australia,Current,https://www.austrac.gov.au/business/how-comply-and-report-guidance-and-resources/guidance-resources/indicators-suspicious-activity-life-insurance-sector,AML/CTF indicators — life insurance,,,
not_downloaded,,Indicators of suspicious activity — Non-bank lenders and financiers,AUSTRAC,Australia,Current,https://www.austrac.gov.au/business/how-comply-guidance-and-resources/guidance-resources/indicators-suspicious-activity-non-bank-lenders-and-financiers,AML/CTF indicators — non-bank lending,,,
not_downloaded,,Indicators of suspicious activity — Online betting and on-course bookmaker sectors,AUSTRAC,Australia,Current,https://www.austrac.gov.au/business/how-comply-and-report-guidance-and-resources/guidance-resources/indicators-suspicious-activity-online-betting-agencies-sector,AML/CTF indicators — gambling/betting,,,
not_downloaded,,Indicators of suspicious activity — Remittance service providers,AUSTRAC,Australia,Current,https://www.austrac.gov.au/business/how-comply-and-report-guidance-and-resources/guidance-resources/indicators-suspicious-activity-remittance-service-providers-sector,AML/CTF indicators — remittance,,,
not_downloaded,,Indicators of suspicious activity — Superannuation sector,AUSTRAC,Australia,Current,https://www.austrac.gov.au/business/how-comply-and-report-guidance-and-resources/guidance-resources/indicators-suspicious-activity-superannuation-sector,AML/CTF indicators — superannuation,,,
not_downloaded,,"JMLSG Guidance — Part I (Generic guidance for the UK financial sector) — June 2023, updated August 2025",JMLSG,United Kingdom,2025,https://www.jmlsg.org.uk/wp-content/uploads/2025/09/JMLSG-Guidance-Part-I_June-2023-updated-Aug-2025.pdf,Risk-based AML / CDD / monitoring,,,
not_downloaded,,"JMLSG Guidance — Part II (Sectoral guidance for retail/private/corporate banking, asset management, life insurance, etc.) — June 2023, revised September 2023",JMLSG,United Kingdom,2023,https://www.jmlsg.org.uk/wp-content/uploads/2023/09/JMLSG-Guidance-Part-II_June-2023_revised-Sept-2023.pdf,Sectoral AML,,,
not_downloaded,,"JMLSG Guidance — Part III (Specialist guidance, including transparency in electronic payments and equivalent markets)",JMLSG,United Kingdom,Various,https://www.jmlsg.org.uk/wp-content/uploads/2023/05/JMLSG-Guidance_Part-III.pdf,Wire transfers / payment transparency,,,
not_downloaded,,Jahresbericht der FIU 2023 (Annual Report) and Typologien-Papier,FIU Germany (Zoll),Germany,Various,https://www.zoll.de/DE/FIU/Fachliche-Informationen/Typologien/typologien_node.html,ML/TF typologies / SAR analytics,,,
not_downloaded,,Joint Statement on Risk-Focused BSA/AML Supervision,Fed/OCC/FDIC/NCUA,United States,2019,https://www.federalreserve.gov/newsevents/pressreleases/files/bcreg20190705a1.pdf,Risk-based approach,,,
not_downloaded,,Kajian Tipologi TPPU/TPPT/PPSPM,BI/PPATK,Indonesia,2021,https://www.bi.go.id/id/publikasi/kajian/Documents/Kajian-Tipologi-Kasus-TPPU-TPPT-PPSPM-Tahun-2021.pdf,All ML/TF,,,
not_downloaded,,ML from Environmental Crime,FATF,Supranational,2021,https://www.fatf-gafi.org/en/publications/Methodsandtrends/Money-laundering-from-environmental-crime.html,Environmental,,,
not_downloaded,,"ML/TF Indicators — Securities Dealers, Casinos, Accountants, Life Insurance, BC Notaries",FINTRAC,Canada,Updated,https://fintrac-canafe.canada.ca/guidance-directives/transaction-operation/indicators-indicateurs/1-eng,DNFBPs,,,
not_downloaded,,ML/TF Risk Assessment of Legal Persons in Singapore,ACRA,Singapore,2024,https://www.acra.gov.sg/docs/default-source/default-document-library/corporate-service-providers/money-laundering-and-terrorism-financing-risk-assessment-of-legal-persons.pdf,Shell companies/BO,,,
not_downloaded,,Major Banks RA,AUSTRAC,Australia,2021,https://www.austrac.gov.au/business/how-comply-guidance-and-resources/guidance-resources/major-banks-australia-risk-assessment-2021,Banking,,,
not_downloaded,,Master Circular for Stock Brokers — Guidelines on AML Standards and CFT / Obligations of Securities Market Intermediaries,SEBI,India,2024,https://www.sebi.gov.in/legal/master-circulars/aug-2024/master-circular-on-anti-money-laundering-aml-standards-and-combating-the-financing-of-terrorism-cft-obligations-of-securities-market-intermediaries_85843.html,AML / securities markets,,,
not_downloaded,,Misuse of Citizenship and Residency by Investment,FATF,Supranational,2023,https://www.fatf-gafi.org/en/publications/Methodsandtrends/Misuse-citizenship-residency-investment.html,CBI/RBI,,,
not_downloaded,,"Money Laundering Regulations: HMRC AML Supervision (sector pages — MSBs, ASPs, TCSPs, Estate Agents, HVDs, Art Market Participants, Letting Agents, Trust or Company Service Providers)",HMRC,United Kingdom,Various / Current,https://www.gov.uk/government/collections/money-laundering-regulations-2017-supervision-by-hmrc,Sector-specific AML / supervision,,,
not_downloaded,,Money Laundering through the Football Sector,FATF,Global,2009,https://www.fatf-gafi.org/content/dam/fatf-gafi/reports/ML%20through%20the%20Football%20Sector.pdf.coredownload.pdf,ML / sport / football,,,
not_downloaded,,National Inherent Risk Assessment,Department of Finance Canada,Canada,2015/2023,https://www.canada.ca/en/department-finance/programs/financial-sector-policy/anti-money-laundering-anti-terrorist-financing.html,National,,,
not_downloaded,,National Risk Assessment ML/TF and Quarterly Typology Reports,FIU NZ (NZ Police),New Zealand,Various,https://www.police.govt.nz/about-us/structure/teams-and-units/financial-intelligence-unit/quarterly-typology-reports,NRA / typologies (NZ),,,
not_downloaded,,National Risk Assessment of ML/TF,HM Treasury,United Kingdom,2020,https://assets.publishing.service.gov.uk/media/63c1a5dee90e07076ce40b1e/NRA_2020_v1.2_FOR_PUBLICATION.pdf,National,,,
not_downloaded,,National Strategic Assessment of Serious and Organised Crime 2024,NCA,United Kingdom,2024,https://www.nationalcrimeagency.gov.uk/images/campaign/NSA/2024/NSA_2024_Website_-_PDF_Version_1.pdf,SOC threats / illicit finance / cyber / fraud,,,
not_downloaded,,Non-profit organisations and terrorism financing red flag indicators (2018) and NPO Regional Risk Assessment,AUSTRAC + AMBD + PPATK + AMLO,Australia,2018,https://www.austrac.gov.au/sites/default/files/2019-06/npo-red-flag-indicators.pdf,NPO TF abuse,,,
not_downloaded,,OFAC Alert: Sanctions Risk for Engaging with Iranian Petroleum and Petrochemical Trade — Teapot Refineries,OFAC,United States,2025,https://ofac.treasury.gov/recent-actions/20250320,Iran sanctions / shadow oil trade,,,
not_downloaded,,Operational Alert: Capital Markets ML,FINTRAC,Canada,2018,https://fintrac-canafe.canada.ca/intel/operation/oai-cm-eng,Securities,,,
not_downloaded,,Operational Alert: DPRK Sanctions Evasion,FINTRAC,Canada,2020,https://fintrac-canafe.canada.ca/intel/operation/dprk-eng,DPRK,,,
not_downloaded,,Operational Alert: Laundering the Proceeds of Illicit Synthetic Opioids,FINTRAC,Canada,2025,https://fintrac-canafe.canada.ca/intel/operation/oai-fent-eng,Fentanyl/opioids,,,
not_downloaded,,Operational Alert: Romance Fraud,FINTRAC,Canada,2021,https://fintrac-canafe.canada.ca/intel/operation/romance-eng,Romance scams,,,
not_downloaded,,Operational Alert: Wildlife Trafficking,FINTRAC,Canada,2023,https://fintrac-canafe.canada.ca/intel/operation/wildlife-eng,Wildlife,,,
not_downloaded,,PBOC Anti-Money Laundering Regulations for Financial Institutions,PBOC,China,Various,http://www.pbc.gov.cn/en/3688110/3688172/4157443/index.html,AML/CFT for Chinese FIs,,,
not_downloaded,,Payment Transparency — Roles and Responsibilities Guidance,Wolfsberg,Supranational,2024,https://wolfsberg-group.org/news/wolfsberg-guidance-on-payment-transparency-roles-and-responsibilities,Payments transparency,,,
not_downloaded,,Position 2019-14 / 2024-02 (Risk Factors / Access to Financial Services),AMF,France,2024,https://www.amf-france.org/sites/institutionnel/files/private/2024-02/2019-14.pdf,Risk factors,,,
not_downloaded,,Possible Evasion of the Russian Oil Price Cap,OFAC,United States,2023,https://ofac.treasury.gov/media/931451/download?inline,Russia oil price cap,,,
not_downloaded,,Professional Money Laundering,FATF,Supranational,2018,https://www.fatf-gafi.org/content/dam/fatf-gafi/reports/Professional-Money-Laundering.pdf,PML,,,
not_downloaded,,Provvedimento del 30 luglio 2019 — disposizioni in materia di adeguata verifica della clientela (and related provvedimenti),Banca d'Italia,Italy,2019/Current,https://www.bancaditalia.it/compiti/vigilanza/normativa/archivio-norme/disposizioni/disp-2019-cliente/index.html,CDD / EDD / risk-based approach,,,
not_downloaded,,RBNZ AML/CFT Sector Risk Assessment,RBNZ,New Zealand,Various,https://www.rbnz.govt.nz/regulation-and-supervision/anti-money-laundering/sector-risk-assessment,Sector RA — banking and life-insurance,,,
not_downloaded,,RFI Best Practice Guidance,Wolfsberg,Supranational,2024,https://wolfsberg-group.org/news/publication-of-the-wolfsberg-rfi-best-practice-guidance,RFI/Investigations,,,
not_downloaded,,"Risk insights and indicators of suspicious activity — Dealers in precious stones, metals and other products",AUSTRAC,Australia,2025,https://www.austrac.gov.au/business/how-comply-and-report-guidance-and-resources/guidance-resources/risk-insights-and-indicators-suspicious-activity-dealers-precious-stones-metals,AML/CTF indicators — DPMS,,,
not_downloaded,,Risk insights and indicators of suspicious activity — Legal professionals (forthcoming AML/CTF reform),AUSTRAC,Australia,2025,https://www.austrac.gov.au/business/how-comply-and-report-guidance-and-resources/guidance-resources/risk-insights-and-indicators-suspicious-activity-legal-professionals,AML/CTF indicators — legal sector,,,
not_downloaded,,Risk insights and indicators of suspicious activity — Real estate sector (forthcoming AML/CTF reform),AUSTRAC,Australia,2025,https://www.austrac.gov.au/business/how-comply-and-report-guidance-and-resources/guidance-resources/risk-insights-and-indicators-suspicious-activity-real-estate-sector,AML/CTF indicators — real estate,,,
not_downloaded,,Role of Hawala and Other Similar Service Providers,FATF,Supranational,2013,https://www.fatf-gafi.org/en/publications/Methodsandtrends/Hawala.html,Hawala,,,
not_downloaded,,STR Process / goAML Guidance,UAE FIU,UAE,Ongoing,https://www.uaefiu.gov.ae/en/stakeholders/reporting-entities/str-process,STR,,,
not_downloaded,,Sanctions Thematic Review Findings,FCA,United Kingdom,2023,https://www.fca.org.uk/publications/multi-firm-reviews/firms-sanctions-systems-controls-response-russia-invasion-ukraine,Sanctions,,,
not_downloaded,,Schemi rappresentativi di comportamenti anomali / Indicatori di anomalia (collection),UIF (Banca d'Italia),Italy,Various,https://uif.bancaditalia.it/normativa/norm-indicatori-anomalia,Sectoral anomaly indicators,,,
not_downloaded,,Special Bulletin on Russia-Linked ML / Sanctions Evasion,FINTRAC,Canada,2022,https://fintrac-canafe.canada.ca/intel/operation/russia-eng,Russia sanctions,,,
not_downloaded,,Suspicious Matter Reporting Reference Guide,AUSTRAC,Australia,2025,https://www.austrac.gov.au/sites/default/files/2025-03/AUSTRAC_suspicious_matter_reporting_(SMR)_reference_guide_2025.pdf,SMR,,,
not_downloaded,,TRACFIN — Bilan 2023 de l'activité des professions déclarantes,TRACFIN,France,2024,https://www.economie.gouv.fr/files/2024-05/Tracfin2023_Web_0.pdf,SAR/STR statistics by profession,,,
not_downloaded,,TRACFIN — Rapport Annuel 2023 / Tome 2 (Tendances et analyse des risques de blanchiment et de financement du terrorisme),TRACFIN,France,2024,https://www.economie.gouv.fr/files/files/directions_services/tracfin/TRACFIN_2023_Tome2_FR_WEB.pdf,ML/TF typologies / strategic analysis,,,
not_downloaded,,Thematic Review — ML in Capital Markets (TR19/4),FCA,United Kingdom,2019,https://www.fca.org.uk/publication/thematic-reviews/tr19-4.pdf,Capital markets,,,
not_downloaded,,Tipologías de Lavado de Dinero y Financiamiento al Terrorismo — UIF,UIF (SHCP),Mexico,Various,https://www.gob.mx/uif/articulos/lavado-de-dinero-y-financiamiento-al-terrorismo-conoce-las-tipologias,ML/TF typologies,,,
not_downloaded,,Travel Rule Guidelines,EBA,European Union,2024,https://www.eba.europa.eu,Crypto travel rule,,,
not_downloaded,,Updated Advisory for Shipping/Maritime Stakeholders on Iranian Oil Sanctions Evasion,OFAC,United States,Apr 2025,https://ofac.treasury.gov/media/934236/download?inline=,Iran oil/maritime,,,
not_downloaded,,Updated RBA Guidance for VAs and VASPs,FATF,Supranational,2021,https://www.fatf-gafi.org/en/publications/Fatfrecommendations/Updated-guidance-rba-virtual-assets.html,Crypto,,,
not_downloaded,,Virtual Assets Red Flag Indicators of ML/TF,FATF,Supranational,2020,https://www.fatf-gafi.org/en/publications/Fatfrecommendations/Virtual-assets-red-flag-indicators.html,Crypto,,,
not_downloaded,,Vulnerabilities of Casinos and Gaming Sector,FATF / APG,Global,2009,https://www.fatf-gafi.org/content/dam/fatf-gafi/reports/Vulnerabilities%20of%20Casinos%20and%20Gaming%20Sector.pdf.coredownload.pdf,ML / casinos / gaming,,,
not_downloaded,,Wolfsberg Guidance on Sanctions Screening,Wolfsberg Group,Global,2019,https://wolfsberg-group.org/resources/sanctions,Sanctions screening,,,
not_downloaded,,Wwft Q&As and Good Practices,DNB,Netherlands,2024,https://www.dnb.nl/media/z0upf3bv/dnb-wwft-qas-and-good-practices.pdf,All ML/TF,,,
